{
  "qwk": 0.39917945794881504,
  "bal_acc": 0.37332469714317196,
  "cm": [
    [
      932,
      70,
      25,
      2
    ],
    [
      56,
      18,
      10,
      0
    ],
    [
      38,
      13,
      14,
      0
    ],
    [
      2,
      7,
      7,
      3
    ]
  ],
  "n_val": 1197
}