{
  "qwk": 0.5708557800812628,
  "bal_acc": 0.4434549541699055,
  "cm": [
    [
      19472,
      874,
      7,
      7
    ],
    [
      894,
      1126,
      33,
      1
    ],
    [
      169,
      297,
      109,
      1
    ],
    [
      3,
      10,
      10,
      2
    ]
  ],
  "n_val": 23015,
  "per_class_f1": {
    "clean": 0.9522226025722529,
    "moderate": 0.5163953221738133,
    "severe": 0.2965986394557823,
    "ambiguous": 0.1111111111111111
  }
}