{
  "qwk": 0.6386414309537097,
  "bal_acc": 0.5087868050872913,
  "cm": [
    [
      5759,
      244,
      13,
      3
    ],
    [
      353,
      279,
      35,
      0
    ],
    [
      115,
      121,
      75,
      13
    ],
    [
      31,
      12,
      37,
      60
    ]
  ],
  "n_val": 7150
}