{
  "scale": [
    0.5910618056416511,
    0.9418828492999076,
    0.5956748883605003
  ],
  "mean": [
    0.053948846028411865,
    0.06694648620891784,
    0.07160368894036953
  ],
  "std": [
    0.8213312439323692,
    0.8349732519328055,
    0.8365483055581115
  ]
}